date,regime,event
2026-04-08,crisis,normal
2026-04-13,crisis,oil_spike
2026-04-14,crisis,oil_spike
2026-04-15,crisis,normal
2026-04-16,crisis,normal
2026-04-20,crisis,hormus_eskalation
2026-04-21,crisis,oil_spike
2026-04-22,crisis,hormus_eskalation
2026-04-23,crisis,normal
2026-04-24,crisis,normal
2026-04-29,crisis,risk_off
2026-05-04,crisis,hormus_eskalation
2026-05-05,crisis,hormus_eskalation
2026-05-06,crisis,hormus_eskalation
2026-05-11,crisis,oil_spike
2026-05-12,crisis,oil_spike
2026-05-13,crisis,risk_off
2026-05-14,crisis,normal
2026-05-15,crisis,hormus_eskalation
2026-05-16,crisis,risk_off
2026-05-17,crisis,risk_off
2026-05-18,crisis,oil_spike
2026-05-19,crisis,hormus_eskalation
2026-05-20,crisis,fed_dissent
2026-05-21,crisis,risk_off
2026-05-22,crisis,normal
2026-05-23,crisis,normal
2026-05-25,crisis,normal
2026-05-26,crisis,normal
2026-05-27,crisis,risk_off
2026-05-28,crisis,normal
2026-05-29,crisis,normal
2026-05-30,crisis,normal
2026-05-31,crisis,normal
2026-06-01,crisis,normal
2026-06-02,crisis,oil_spike
2026-06-03,crisis,normal
2026-06-04,crisis,normal
2026-06-05,crisis,tech_selloff
2026-06-06,crisis,risk_off
2026-06-07,crisis,hormus_eskalation
2026-06-08,crisis,tech_selloff
2026-06-09,crisis,tech_selloff
2026-06-10,crisis,cpi_surprise
2026-06-11,crisis,cpi_surprise
2026-06-13,crisis,tech_selloff
2026-06-15,crisis,tech_selloff
2026-06-16,crisis,normal
2026-06-18,crisis,normal
2026-06-19,crisis,normal
2026-06-20,crisis,normal
2026-06-21,crisis,normal
2026-06-22,crisis,hormus_eskalation
2026-06-23,crisis,normal
2026-06-24,crisis,tech_selloff
2026-06-25,crisis,normal
2026-06-26,crisis,normal
2026-06-29,crisis,tech_selloff
