Datum,Level,Slope,Curvature
2025-01-03,0.7779500885255151,-0.1268675074480532,-0.23992414926006805
2025-01-06,0.8600375432809748,0.2360860510584164,0.13343483905760173
2025-01-07,-0.1526181691676729,-0.06885926656760599,0.33935557275928596
2025-01-08,0.8292352137057938,0.009491889931605435,0.2631128620140657
2025-01-09,0.08819113459434336,-0.12507557328133423,-0.1305577518124984
2025-01-10,0.5815644732108869,-0.22048170026310832,-0.19702493187784897
2025-01-13,0.33262649246044523,0.013798705090193764,0.0032453430971148833
2025-01-14,0.41345009174037073,-0.3491225272806471,-0.10837401426401894
2025-01-15,-1.094904909145161,0.17279598396472995,-0.05797590004200781
2025-01-16,0.32240481189548487,-0.13294485926043897,-0.08668480081786673
2025-01-17,-0.668589803962745,0.29971599108216207,-0.07205310603590692
2025-01-20,0.05629022082751056,-0.1414003177363261,-0.010079155602294665
2025-01-21,-0.25853781221989325,-0.06101269119386998,-0.02736292798388218
2025-01-22,0.0,0.0,0.0
2025-01-23,0.24722470811315556,-0.4784146195178911,-0.23839372978451157
2025-01-24,0.5604027438027874,0.12324809240254364,-0.008466781797017486
2025-01-27,-0.5903657698351847,0.04995371469026644,-0.04588791206461751
2025-01-28,0.09264378184376199,-0.10187322178006308,-0.00873526078355406
2025-01-29,-0.03428555992418569,-0.04295016617789926,0.09011288344680338
2025-01-30,-0.8585629888617557,-0.39406437668622774,-0.2813966501246314
2025-01-31,-0.5885834282167559,0.1409971226239204,0.27321936866151764
2025-02-03,-1.1033733978007532,0.03893423320841327,-0.20188158701381792
2025-02-04,0.3068271276303589,-0.1809821091814907,0.010117345873233707
2025-02-05,-0.49478793037618374,0.2729882735370648,-0.2497827098817148
2025-02-06,0.09201159268195003,-0.051293060107203026,0.007288482322259371
2025-02-07,0.34216367221389454,-0.06871515305872045,0.10857327379798054
2025-02-10,-0.5185450477807536,-0.05179925460258872,-0.00878804724491511
2025-02-11,0.8403925724104209,-0.21808373056794572,0.08046520757523362
2025-02-12,0.7139283495940618,-0.10158804630062868,0.0029437276946164548
2025-02-13,-0.7551417678758443,0.22026460634602874,-0.09656051556873438
2025-02-14,0.13850714444472878,-0.015801371145552245,-0.1357761116761408
2025-02-17,0.5315893573319208,-0.3761681624312052,0.07459722629980309
2025-02-18,0.05784314628695286,-0.097147877237866,-0.017746004016410077
2025-02-19,0.684206940909375,-0.18343224600920127,-0.07472465015974633
2025-02-20,-0.20892768563266984,-0.24862859611225252,-0.07491494641706653
2025-02-21,-0.8665100574458156,0.2168165972776399,0.020958370925774628
2025-02-24,-0.07713707433306727,-0.06267171589866471,0.09669252050413513
2025-02-25,-0.1080166973479959,-0.0035220322730205034,0.028638062719158364
2025-02-26,-0.22203184777621887,-0.03786552536680832,-0.16660615685275731
2025-02-27,-0.270249725272222,0.004732357348573579,0.06589812953926272
2025-02-28,-0.2931453491583911,-0.07772163231181217,-0.07363507881292436
2025-03-03,1.316059440844823,-0.2816091394361586,0.3750003965180805
2025-03-04,-0.38185931936333795,-0.18369448743692374,0.3005724025567637
2025-03-05,2.8094509638166576,-0.6674152161382103,-0.06080465962507389
2025-03-06,1.5791443378373629,-0.33571156279672465,0.07900402217429939
2025-03-07,-0.740173484292661,0.14544597964690875,0.05022813741711618
2025-03-10,-0.15261576991089632,0.001657000235209205,0.21836297733152676
2025-03-11,0.5590943585832997,-0.24651997621865562,0.23506013490093752
2025-03-12,0.15845642669254878,-0.021480643491132545,-0.11818531884770656
2025-03-13,-0.3188808653546664,-0.1555506520449368,0.038393747919555965
2025-03-14,0.3133164279071885,-0.10387629573190105,-0.010477031353218313
2025-03-17,-0.8118847398016699,0.2013246437628109,-0.34516140798974804
2025-03-18,0.39461402145268976,-0.2979775332006154,0.0007200233331399186
2025-03-19,-0.4867885327730732,0.3514596796075493,-0.032711336578840206
2025-03-20,-0.43391878667083605,-0.07232264152318435,-0.08623412116815946
2025-03-21,0.06447983757712802,-0.11896992998260347,0.15452583146413243
2025-03-24,0.08757174799629425,-0.20764910234470368,-0.01690170158716303
2025-03-25,0.17478368491355767,-0.05437355084136608,0.00423284882306596
2025-03-26,-0.14683046079031714,-0.09301469661182571,0.06633817326199404
2025-03-27,-0.26271682738857377,-0.12300777683285946,0.10242185230086598
2025-03-28,-0.5720842418544705,0.12518593330495764,-0.0323221893713756
2025-03-31,-0.39616925611216286,0.041968435188695974,-0.019350104950736247
2025-04-01,-0.20996181575983874,0.4233625299944813,0.0047577742375693455
2025-04-02,0.04103267035871183,-0.12423429709486844,0.018066330534566466
2025-04-03,-0.4224508083943064,-0.1169073335557369,0.22302551551385458
2025-04-04,-1.3683382224458394,0.009849720187149691,0.14154111930460977
2025-04-07,0.11903251322946629,-0.3648715658892856,0.19063809191927494
2025-04-08,1.099292657839732,-0.27894153409659583,-0.3520348845794611
2025-04-09,-1.357713065758135,-0.2924033784055642,0.1228876483101835
2025-04-10,0.29948733576784514,0.5490219690609341,-0.28570796723316505
2025-04-11,-1.3308156576105503,-0.7014198748605035,-0.6191239137462008
2025-04-14,0.19826000400369548,0.3977875693953877,0.23539117930674278
2025-04-15,0.21270905919933192,-0.6801738425710342,-0.37348728690648936
2025-04-16,-0.48363591038222564,0.18389769770187048,0.09697492914685829
2025-04-17,-0.21475988178911098,-0.12326822414280249,0.12819433266590832
2025-04-22,-0.3414029033346848,0.19975318886942234,0.05740223109694184
2025-04-23,0.720800229211831,-0.17880764716786168,-0.1743482764409556
2025-04-24,-0.7215223650484668,0.07620555211123015,0.13361371113070547
2025-04-25,0.39531589370318976,0.472586633713713,0.21934294968978402
2025-04-28,0.40442705146991464,-0.4850289615448573,-0.0871943049215554
2025-04-29,-0.19715720522067404,-0.018850036688580957,-0.2018685264531596
2025-04-30,-0.5482168043284155,-0.24858145272488016,-0.13626101754002468
2025-05-02,0.6138158722621228,0.03772412885735382,0.03259376894984364
2025-05-05,0.23103689036516206,-0.19033940945273187,0.18831487294518176
2025-05-06,0.42538273002857974,-0.0017884161389088993,0.12167342584039603
2025-05-07,-0.6995379367896746,0.3311257764010024,-0.05244633340055821
2025-05-08,0.2316022607807935,0.010368663707758852,0.07224340125953896
2025-05-09,0.6107948467904114,-0.21249712318029465,0.01147857198671233
2025-05-12,1.1892217483401475,0.04026290592844983,-0.24953675449574303
2025-05-13,0.157820361315127,-0.23804821331076764,0.0027040001549163417
2025-05-14,0.18449116589541537,0.09636610720219518,0.19276562828600546
2025-05-15,-0.3618460077739596,0.22457508122324277,0.07858111335569758
2025-05-16,-0.7423360307535298,0.03494564791329774,-0.25882799415325386
2025-05-19,0.08914958365641867,-0.04750510105983258,0.23910083727735987
2025-05-20,0.2641549082475523,-0.4367010881844805,-0.14526887720651738
2025-05-21,0.2924296645331488,-0.10500132785011751,0.14709330159351447
2025-05-22,0.07074927113093121,-0.05746675980388671,0.2416260607291918
2025-05-23,-1.0837420255576773,0.1507889473243399,0.012280474926434082
2025-05-26,0.012848917233410528,-0.22136280423880672,-0.5030986949653764
2025-05-27,-0.3433228009478735,0.17541726784713163,-0.1886683171164545
2025-05-28,0.23495093229968722,0.20540977797257687,0.10744605550215872
2025-05-29,-0.4518641019984586,-0.050448757881179196,-0.1392194053587986
2025-05-30,0.05469342438157776,-0.03392369080297308,-0.027184116746977238
2025-06-02,0.25365178561470225,0.13641928382272894,0.08660972798215194
2025-06-03,-0.4702954593141504,0.01073922927394022,0.04569500277129196
2025-06-04,0.37840869128171306,-0.2510189827252114,-0.1922637725476229
2025-06-05,0.31457137679276714,-0.04379203408101617,-0.28985937832513353
2025-06-06,0.296879947662247,0.2761691562380282,0.11923002660367266
2025-06-09,0.10315314022112965,-0.1688566344908451,0.10263406720415313
2025-06-10,-0.6922622688988431,0.33304881331074326,-0.20074350872033697
2025-06-11,-0.018622743720628776,-0.24898876331077274,0.08793486764675318
2025-06-12,-0.3956797922316224,0.13868655032215915,-0.07355493890573062
2025-06-13,0.26974057689415565,0.03479421066095395,-0.143974389003523
2025-06-16,0.13352093236007168,-0.06868951821562935,0.09316525748792848
2025-06-17,0.17964836730629186,-0.10111586543411877,-0.05859916473339266
2025-06-18,-0.2606438304620413,0.11387232557364613,-0.001029868935213285
2025-06-19,-0.0357444368944706,-0.025815874819036355,0.0183277748502787
2025-06-20,0.1644005336691765,-0.008399891227346967,0.06305081603239848
2025-06-23,0.0599241063687721,0.26794316085444914,0.0591266095017825
2025-06-24,0.363112447422258,-0.22052995778704343,0.20096913805220906
2025-06-25,0.14949809839427308,-0.2879836639664537,-0.03532004486394191
2025-06-26,-0.20888872847190232,-0.1174745186145878,0.14654937781003569
2025-06-27,0.37477134854631355,0.031693593481703974,-0.018007873571952215
2025-06-30,-0.10155333336830541,0.07745330159074049,-0.07937117810322475
2025-07-01,-0.3442384388463817,0.07098911041639422,-0.0668964289740579
2025-07-02,0.7921556800687428,-0.36269387044071444,0.221644226752795
2025-07-03,-0.43861437364996236,0.04330864432445325,-0.17912369392078265
2025-07-04,-0.38332034267130854,0.18785479678536265,0.1323763352141029
2025-07-07,0.4920248374738847,-0.246136503312255,-0.00640396587500297
2025-07-08,0.5665262915192102,-0.1560980375189216,0.024188595156635517
2025-07-09,-0.1318727372239965,-0.0781778622374345,0.05649778255786164
2025-07-10,0.3035404555851664,-0.1659462126056308,-0.04133582234255856
2025-07-11,0.4495430889896759,0.03396933025941551,0.061773360507963504
2025-07-14,-0.15102847781380513,-0.27231777940165847,0.03693459932059012
2025-07-15,-0.4850010662992128,0.2381214965266778,0.0037607644188824563
2025-07-16,0.006906893834724759,0.03444286718438283,0.16830167798257234
2025-07-17,-0.14618512799298378,-0.1383944709764231,-0.10908595479000431
2025-07-18,0.2504020682399113,-0.04295199279968531,0.015950403737067798
2025-07-21,-0.8659971691753037,0.36500633145594996,-0.10280172551208516
2025-07-22,-0.17298577981213903,0.13833786496293343,0.07312506406539646
2025-07-23,0.05112284314422988,-0.09784404795788415,0.051851228175760794
2025-07-24,1.1835048812734212,-0.09458289357121608,-0.0882124182945952
2025-07-25,0.5772139981279809,0.08327450508830081,0.08776607779977352
2025-07-28,-0.5383421645809989,0.01453483189485083,0.008220248914311612
2025-07-29,0.2052675097385135,-0.015111729184861478,-0.09304181713932208
2025-07-30,0.20761301538763632,0.12179195007625232,0.019575488726844892
2025-07-31,-0.07838140981284503,0.20547838067407675,-0.044941898692056254
2025-08-01,-0.5663184451581917,-0.25169952954569097,-0.03105185087956408
2025-08-04,-0.23845515013570395,0.13835773491725978,-0.023829860271043113
2025-08-05,-0.0645764892733709,-0.03615994116861421,-0.08027885143560753
2025-08-06,0.10896562752627226,0.07784671213902383,0.1403676197434303
2025-08-07,0.06298645474619224,0.041753881946713145,-0.07377820889793338
2025-08-08,0.6760924904140042,-0.08284837107255694,0.07494727297298526
2025-08-11,0.07045297912791093,-0.05302394980506642,-0.004784930276091698
2025-08-12,0.5460735063392966,-0.13488972917167952,0.22344446392182482
2025-08-13,-0.6164441083071358,0.11463936777232653,0.05778425216827658
2025-08-14,0.1862815182268449,-0.09600177958995704,0.00948476870228531
2025-08-15,0.6663597580060352,-0.3942168720431234,0.18266542077788123
2025-08-18,-0.06473213779427356,0.12792643930829573,0.03310505135864583
2025-08-19,-0.12938433205400812,-0.06929871605567017,-0.07969987981166379
2025-08-20,-0.4177574861329353,0.09870976708461554,0.007504022133880794
2025-08-21,0.46770194016247013,-0.06053582199752272,-0.032944023599716515
2025-08-22,-0.11656304760842728,0.14449329810157896,-0.07871726110419663
2025-08-25,0.41618088718274177,-0.116372562797461,0.16420330468641214
2025-08-26,-0.5049864993576954,-0.011525240994390451,0.055366096875923865
2025-08-27,-0.14354624557424933,0.01905358229088705,0.08261662690414445
2025-08-28,-0.11359462822731059,0.23349257028173365,-0.060798942902113684
2025-08-29,0.17149352489427683,-0.07331315789082438,0.04700400085276424
2025-09-01,0.3355030898761794,-0.118197183915137,0.12487476225908462
2025-09-02,0.4800531378110715,-0.16410094598994895,0.040255212168379795
2025-09-03,-0.4383128927427361,0.10475509810110029,-0.05809794742194846
2025-09-04,-0.3354332017327939,0.1793146254467417,-0.11801445657833481
2025-09-05,-0.45483364947476135,-0.0559052078686586,-0.0914225324790423
2025-09-08,-0.2799790033763838,0.2422445515308589,-0.016344484213563937
2025-09-09,0.21961995834584735,-0.09580163284568433,0.0071820162622285855
2025-09-10,0.043623546818982284,0.12931858127888285,0.0228595328639154
2025-09-11,0.2714469401404387,0.14349703262841562,-0.14011020873011198
2025-09-12,0.3799564331250058,-0.08539106053984324,-0.08941019626924507
2025-09-15,-0.14171768216342018,0.04047966191329966,-0.009751804449908336
2025-09-16,0.016883683936838922,0.11409844819016646,0.029722906506274765
2025-09-17,-0.2746055730547746,0.06129494543650249,-0.1284316415349066
2025-09-18,0.45528330062565725,-0.19135048585933068,0.1817523371624901
2025-09-19,0.2709603675601006,-0.03942299290786466,0.07141784235289289
2025-09-22,0.07592495467533028,-0.12344484441350945,0.0931839751787237
2025-09-23,0.03452668512585094,-0.0006713756350802402,-0.12865926145819173
2025-09-24,-0.04728444011474603,-0.03076206185995467,0.0394960519670664
2025-09-25,0.23037995084212004,0.04229012305423474,-0.08183459820860536
2025-09-26,-0.19731324140252327,0.04767992574907609,-0.0184559871606228
2025-09-29,-0.32937039089987197,0.18109963224605685,-0.13917464072181013
2025-09-30,-0.06293433185417419,0.0143553956153879,0.018549181745731884
2025-10-01,-0.13077318824233508,0.00957301910608499,0.09607243954312442
2025-10-02,0.21480862869305672,-0.03716687892114823,-0.02066805237529233
2025-10-03,-0.13414763468651802,0.0824658931591935,-0.08941278288108634
2025-10-06,0.08497740206572657,-0.1451273384717675,0.13851843165392208
2025-10-07,0.15460560882566843,-0.17432563633290687,-0.028271650596941894
2025-10-08,-0.5105396915272674,0.22322865330557995,-0.03881453946115764
2025-10-09,0.17308191031878506,-0.10614232827292513,-0.05768553891759964
2025-10-10,-0.3269097886583856,0.12675324296930046,-0.03551408518182887
2025-10-13,-0.48013730453219483,0.06023697243978443,-0.037924514088346684
2025-10-14,-0.30192168903464833,0.019501344189765346,-0.12266024483782087
2025-10-15,-0.37468380157686587,0.12231979785880964,-0.03927395440738379
2025-10-16,0.15398270603526765,-0.06698138005309717,0.06513928584007928
2025-10-17,-0.04570825596657846,-0.10669117135367479,-0.03203707002843334
2025-10-20,0.028124407093100157,-0.0499095927276314,-0.024329237951016658
2025-10-21,-0.3560887828223094,0.14929711606989282,-0.126094986738458
2025-10-22,0.18206449010974435,0.04151474766304408,0.06863068758187746
2025-10-23,0.17616300378917593,-0.03713754762309551,0.04372774138853397
2025-10-24,0.6746738891567097,-0.04772063353541678,0.05844991793171175
2025-10-27,-0.035104149712623656,0.05948492661751226,-0.03639885248737329
2025-10-28,-0.07527048154363425,0.03407917766575819,-0.02312410042654306
2025-10-29,0.0038710396758201426,-0.07908696727947417,0.00426357905785299
2025-10-30,0.2230294902467389,0.08331298343353799,-0.030682797333459355
2025-10-31,-0.030560674414805034,-0.18065630177053082,0.07748562149638533
2025-11-03,0.1256630778749268,-0.05101640118918249,-0.044595423797020195
2025-11-04,-0.0400135361232532,-0.03058723784241768,0.02787815822987455
2025-11-05,0.05563417794383341,-0.08446251546157013,-0.019746839398932986
2025-11-06,0.06155842434968539,0.11290908601532301,0.03469816091198433
2025-11-07,0.23484947348042762,-0.0492968474326001,0.14040093631666983
2025-11-10,-0.044704523836432974,0.09810866513801009,-0.0001572724853095009
2025-11-11,-0.0926525273863461,0.07497228282265156,-0.04424254840398385
2025-11-12,-0.0839669378528709,0.10180893578157912,-0.038952093739860916
2025-11-13,0.32007636950099616,-0.19540509642499249,-0.07760265433206195
2025-11-14,0.22059087978473524,-0.27877412270775104,0.044915512962364734
2025-11-17,0.15379799341831668,0.09072723580844433,0.07530610652992498
2025-11-18,-0.2407053242878444,0.00614134240652775,0.09197383534424751
2025-11-19,0.1859410010423993,0.1147896038866616,0.1485931175458459
2025-11-20,0.34631187638593125,-0.092379031325319,0.11177117242221266
2025-11-21,-0.3670365080680084,0.002281402271379296,-0.015529861170193726
2025-11-24,0.10037501455461906,-0.010278428339918877,-0.13923819498230144
2025-11-25,-0.25120400953201416,0.14388292303338557,-0.06509608190417379
2025-11-26,0.11432631860390685,-0.043245492902764804,0.048798573754308176
2025-11-27,0.0009176017850590634,0.060606574534532776,0.0017800367998473954
2025-11-28,0.13259423430682804,0.02142218322173306,0.019588519979477304
2025-12-01,0.7232122299131845,-0.21176807513425777,0.19238753987371016
2025-12-02,-0.01682995173117177,-0.08943487769965386,-0.04995843160502961
2025-12-03,-0.147738357193419,0.04636898423942237,-0.005584212346090495
2025-12-04,0.29061556136046673,0.01724847949060182,0.005388624348675486
2025-12-05,0.26574547036979734,-0.08631199141554213,0.06378959213625049
2025-12-08,0.802329044712419,-0.17390435141544702,-0.1435528383842602
2025-12-09,-0.014586355390493022,0.08649899422036889,0.029735772422306878
2025-12-10,0.1856302471099296,-0.027058687597472764,-0.10832418231421428
2025-12-11,-0.21502624103967793,0.09223727682073313,0.019169882728293453
2025-12-12,0.2643417032993953,-0.2115131809011057,0.07764805141437542
2025-12-15,-0.3158580637117072,0.15840518900593326,-0.04113752604943993
2025-12-16,0.15985652520131977,-0.21188457394855154,0.025773616247763503
2025-12-17,-0.05607783713522663,-0.03199404090857105,0.0419756773695911
2025-12-18,0.07452916999638126,-0.01049008177468691,0.10901201555274781
2025-12-19,0.38114893882551026,-0.11173582893081502,0.06325273273498044
2025-12-22,0.11421215847585509,-0.08375220753987733,-0.031227385845995215
2025-12-23,-0.3195212514984731,0.2648245583324722,-0.09357481212638119
2025-12-24,0.029972635053298502,0.051602484956389416,0.04049408146256572
2025-12-29,-0.48848144775150537,0.09592577208078956,0.04800039510581905
2025-12-30,0.2417739273285151,-0.19509939569111645,-0.08131970380906944
2025-12-31,0.07543779925786764,0.15372801409210313,0.1014295368349849
2026-01-02,0.21276127071056972,-0.24291945492064104,0.0032332860067197933
2026-01-05,-0.0567325032216095,0.054520336630618615,-0.03830057440848772
2026-01-06,-0.5029255104693691,0.1398290838567846,0.028526803665728795
2026-01-07,-0.2426827457345626,0.07737271090225994,0.003868336022963381
2026-01-08,0.19561751719581677,-0.09883913138123646,-0.04505534044874426
2026-01-09,0.1338355102759794,0.03007854802955956,0.1099035585719787
2026-01-12,-0.36562436356641326,0.2452496083036051,-0.11572200114250358
2026-01-13,0.1613618351373357,-0.08439631330345909,0.09018320234725657
2026-01-14,-0.2899460330671323,0.047316864225248834,-0.03848383741019762
2026-01-15,-0.11450638302595473,0.17753738394801233,-0.13535409824704367
2026-01-16,0.29936192459640676,-0.09653961615073103,-0.0030622850466270612
2026-01-19,-0.14366219602155417,-0.06651327299745491,0.1714993409405337
2026-01-20,0.31915187731351535,-0.3666275015813947,0.1302553471606664
2026-01-21,0.027982071143056286,-0.08149859830912565,-0.018200598617667096
2026-01-22,0.1953659578028677,0.21203170454508347,-0.06403394694344083
2026-01-23,0.18950141826329636,-0.0518201830317544,-0.06667165350674475
2026-01-26,-0.34097095026857227,0.15212180916242168,-0.010185163287398602
2026-01-27,0.016065375016824035,-0.037671976277943164,0.07417633906577403
2026-01-28,-0.2183047686231997,-0.12523744046977003,0.04091674210038648
2026-01-29,-0.24897679898849145,-0.1935657310773593,-0.08545652061156411
2026-01-30,0.18686884451892538,0.1804064192376369,0.12528144119458523
2026-02-02,0.18088551822072985,-0.041177592375683414,-0.026587712801159902
2026-02-03,0.38480072514684394,-0.088426320819047,0.08518103969656432
2026-02-04,-0.2502370848028457,-0.07538310450909846,-0.00827898594128873
2026-02-05,-0.08487698524751042,0.01185243400562519,-0.046837890078278877
2026-02-06,-0.21268436710884742,0.13407254085278764,0.07155009427734449
2026-02-09,0.006107411567625731,-0.0985446515342141,0.100347438592857
2026-02-10,-0.4152507829981599,0.1670854455062989,-0.18184107859087717
2026-02-11,0.05682154674226647,0.11600776783369104,0.02278311641753794
2026-02-12,-0.2315254742554932,0.16149776233887958,-0.03554627209149119
2026-02-13,-0.4586360648598079,0.10426903092235129,-0.0007847414458291846
2026-02-16,0.09028727105613799,0.024291222390770306,0.011741250858238406
2026-02-17,-0.16142060741357012,0.08991846968643569,-0.02709553988527219
2026-02-18,0.09595373474503562,-0.04284835009756005,-0.06958088816137081
2026-02-19,0.06595164353601285,-0.019018149025124442,-0.010873698330447046
2026-02-20,-0.19970732548191447,0.0052016917372073035,-0.1682047019442166
2026-02-23,-0.05483129921306512,0.029318963292109146,0.1162861354303813
2026-02-24,-0.12079864116114158,0.12026221911560164,-0.013322013043739422
2026-02-25,0.04363726210114288,0.015198529861865762,0.03218785828662707
2026-02-26,-0.26111342766498663,-0.023829621014428648,-0.1843916639021015
2026-02-27,-0.27729902850297183,0.01994631068695074,0.07894416868709819
2026-03-02,0.5608811741451769,0.11536316763794241,-0.01709278609082665
2026-03-03,1.212095005683847,0.1408873743552197,-0.11427330815995132
2026-03-04,-0.35717039216179736,-0.07468554917220249,0.09383903175688102
2026-03-05,0.8826834005479065,0.12676393559218258,-0.03446559663017698
2026-03-06,0.43047839238181296,0.3040978530188442,-0.20287473904643985
2026-03-09,0.30746577074952985,0.13226391035302676,0.05181518079959364
2026-03-10,-0.6604670745212402,-0.5068972232569116,0.00458578336166994
2026-03-11,1.1543343630158789,-0.051637595758754706,-0.3916600512646581
2026-03-12,0.3778689810188971,0.12737995218324594,0.0028868611499991426
2026-03-13,0.19097537481180193,-0.024489684506180054,0.019924838795290667
2026-03-16,-0.340504201604686,-0.10973403624531775,-0.08784879089813469
2026-03-17,-0.24055395970726945,0.1086443400142233,-0.05857111163479295
2026-03-18,0.6286183250981354,0.26205745254478297,-0.12492631529284404
2026-03-19,0.37774186031139845,0.2466988528138016,-0.18797041013106963
2026-03-20,1.1687415768552003,0.18226118728157056,-0.10198754768245144
2026-03-23,-0.6106714335793173,0.3692751371435268,0.3893988654828972
2026-03-24,0.4736622424006436,0.15122186859352377,-0.3033329242779435
2026-03-25,-0.6112703558857309,0.23488247503119886,-0.08106460933142634
2026-03-26,1.0383342504740467,-0.08542286392546194,0.10704295263214858
2026-03-27,0.5571490501022689,-0.3407769384490218,0.045010013704522844
2026-03-30,-0.7314648430487614,0.02103981206925426,-0.10834365570221183
2026-03-31,-0.20363889187543993,0.22346697289887668,0.0773992101526364
2026-04-01,-0.2716618168456293,0.23506863271046452,0.33496530666615604
2026-04-02,0.4971458558089239,0.07717142385344733,0.01650636343902273
2026-04-07,0.5807091789864289,0.07270238838316989,-0.11910954263582263
2026-04-08,-2.1774671723374026,-0.7426867244919004,0.043578708200271266
2026-04-09,1.214960869140485,-0.03631493898348115,0.13178462986790823
2026-04-10,0.34351683523951504,-0.1229479561908812,0.16576089188874019
2026-04-13,0.46513386451876215,0.23982751398853006,-0.017636795221728924
2026-04-14,-0.3312859421442722,-0.31671641029318076,-0.029491356062767177
2026-04-15,-0.41323250537539646,-0.015582621827869961,0.13899371364145655
2026-04-16,-0.07229748397061275,0.1507399853786111,0.12441116816034774
2026-04-17,-0.7826738162658082,-0.05784415077688854,0.12490842300899789
2026-04-20,0.14201743645589282,-0.018697820238165998,-0.004474084157657848
2026-04-21,0.10948809306653695,0.16376571153690445,-0.2064126563524689
2026-04-22,0.3000284278148255,0.11533533775821081,-0.052349977605676466
2026-04-23,0.36966339591246733,0.18187000090686012,-0.05299325321564402
2026-04-24,0.04699831722958514,0.08089550812089052,0.022037386671607123
2026-04-27,0.046652797439100446,-0.14383979473060698,0.08810825322465095
2026-04-28,0.6363348242218523,0.06612863760293791,-0.16618571162552898
2026-04-29,0.5631811184625448,0.43594983606282933,0.03502583396028888
2026-04-30,-0.7125430586383183,-0.18794161077927962,-0.06030357235315942
2026-05-04,0.21338438647369262,-0.08159344581150507,-0.20326585414972698
2026-05-05,0.17740490751489624,-0.11057085950799195,0.0999708012754737
2026-05-06,-1.1904430092789369,-0.18665168219573985,-0.056067767074252484
2026-05-07,-0.19578331006846295,0.06590744843802565,0.11217473295590275
2026-05-08,0.24858435911878196,-0.05362424021255713,-0.09739515042425895
2026-05-11,0.4851963805031545,-0.034298460176952705,-0.10797602675554813
2026-05-12,0.9136911830562733,-0.12830433119732199,0.004631762976366471
2026-05-13,0.010570780558658122,-0.00036815257333974727,0.01541010108572577
2026-05-14,-0.603464827328251,0.22995463985088913,0.15779800370347685
2026-05-15,1.1785771920624368,-0.16589771284331645,0.009007599053763082
2026-05-18,-0.37539838978433515,-0.03050914254299386,0.18365641561602136
2026-05-19,0.6242760592360845,-0.18415177486440493,-0.10334990481506166
2026-05-20,-0.3451270427489259,0.1654925308833951,-0.03907128035918239
2026-05-21,-0.6415455257413756,0.19084123177793083,0.0378522855754449
2026-05-22,-0.7469729145795378,-0.16450093771720603,-0.15191280849273303
2026-05-25,-1.2940875745859355,0.16116642996266506,-0.008114655009071936
2026-05-26,0.6352919175190115,-0.02465105933236117,-0.021935734298361875
2026-05-27,-0.024097040975235906,0.22584651109579162,0.18710259894592465
2026-05-28,0.12885524182936603,-0.05138431482405126,0.07187656513384874
2026-05-29,-0.24542936789141923,0.08142879587158702,0.10052737683473711
2026-06-01,0.7998135667787034,0.022620165375209944,-0.12091380142258337
2026-06-02,-0.5361485146113161,0.1320998515012376,-0.11034392284085795
2026-06-03,0.5464554383114892,-0.047154223391242645,0.08177994993603357
2026-06-04,0.08644755956174954,0.11603694188288216,0.19105194260841027
2026-06-05,0.26572548387447625,-0.026985897551128568,0.0036979139837296704
2026-06-08,0.16065824840676335,0.14172126547442787,0.009276330283287202
2026-06-09,0.03614877743874878,0.00637477933734798,0.09651291573047407
2026-06-10,0.23041939416239554,0.06661521095080469,0.03443710808250511
2026-06-11,-0.40885358601081734,0.23915344582865283,0.07519633425579186
2026-06-12,-0.2900610693307035,-0.47096239698008246,-0.1899797072149087
2026-06-15,-0.8068768928590107,-0.002773831028694995,-0.010630350426005398
2026-06-16,-0.16885805381494645,0.04755511587360406,-0.09958372227715505
2026-06-17,0.0037382851246512416,0.23424215745522015,0.010341328175805034
2026-06-18,0.10146123344858804,0.07566517031756215,-0.17064583741347356
2026-06-19,0.5576869876392783,-0.26498255598890796,0.08983131841577435
2026-06-22,-0.32459392377627516,0.16581476156589192,0.17197280076239216
2026-06-23,-0.5431931503598331,-0.05155263329162074,-0.06555123098119386
2026-06-24,-0.34767629907545716,0.31272501939390707,0.03013381725374878
2026-06-25,-0.21005835718137966,0.21336302500493165,0.05067726422958401
2026-06-26,-0.051999249796382596,-0.1562675217499454,0.1016679573112747
