date,3M,6M,1Y,2Y,3Y,5Y,7Y,10Y,15Y,20Y,30Y
2025-01-02,2.6048,2.4259,2.1917,2.0076,1.9944,2.1137,2.2588,2.4331,2.5898,2.6258,2.5188
2025-01-03,2.5728,2.4388,2.2527,2.0887,2.0677,2.1729,2.3146,2.4896,2.6447,2.6733,2.5446
2025-01-06,2.6304,2.5023,2.3224,2.1596,2.1350,2.2328,2.3699,2.5409,2.6928,2.7197,2.5895
2025-01-07,2.6684,2.4974,2.2750,2.1033,2.0954,2.2206,2.3703,2.5484,2.7020,2.7280,2.5964
2025-01-08,2.7062,2.5581,2.3404,2.1491,2.1323,2.2594,2.4165,2.6054,2.7724,2.8056,2.6762
2025-01-09,2.6841,2.5368,2.3354,2.1647,2.1497,2.2724,2.4281,2.6163,2.7806,2.8101,2.6737
2025-01-10,2.6500,2.5283,2.3614,2.2202,2.2107,2.3264,2.4743,2.6562,2.8187,2.8501,2.7186
2025-01-13,2.6598,2.5411,2.3791,2.2442,2.2380,2.3556,2.5028,2.6820,2.8394,2.8666,2.7312
2025-01-14,2.6200,2.5173,2.3785,2.2686,2.2728,2.3954,2.5415,2.7187,2.8764,2.9079,2.7850
2025-01-15,2.6041,2.4936,2.3383,2.2012,2.1900,2.3034,2.4503,2.6303,2.7919,2.8284,2.7179
2025-01-16,2.5824,2.4940,2.3636,2.2357,2.2163,2.3176,2.4667,2.6578,2.8277,2.8598,2.7311
2025-01-17,2.5895,2.4950,2.3529,2.2064,2.1744,2.2639,2.4102,2.6010,2.7677,2.7937,2.6565
2025-01-20,2.5759,2.4823,2.3437,2.2057,2.1801,2.2730,2.4158,2.6007,2.7693,2.8068,2.6936
2025-01-21,2.5638,2.4610,2.3128,2.1748,2.1576,2.2643,2.4109,2.5925,2.7528,2.7850,2.6677
2025-01-22,2.5638,2.4610,2.3128,2.1748,2.1576,2.2643,2.4109,2.5925,2.7528,2.7850,2.6677
2025-01-23,2.4961,2.4071,2.2855,2.1876,2.1915,2.3062,2.4457,2.6181,2.7772,2.8156,2.7089
2025-01-24,2.5189,2.4408,2.3318,2.2401,2.2417,2.3494,2.4843,2.6525,2.8069,2.8413,2.7285
2025-01-27,2.5041,2.4229,2.3066,2.2017,2.1952,2.2994,2.4376,2.6108,2.7673,2.8001,2.6832
2025-01-28,2.4950,2.4154,2.3021,2.2022,2.1994,2.3083,2.4492,2.6247,2.7816,2.8117,2.6856
2025-01-29,2.5010,2.4150,2.2956,2.1949,2.1939,2.3017,2.4388,2.6123,2.7776,2.8226,2.7246
2025-01-30,2.4106,2.3270,2.2132,2.1241,2.1327,2.2525,2.3952,2.5709,2.7333,2.7732,2.6667
2025-01-31,2.4511,2.3252,2.1653,2.0552,2.0703,2.2052,2.3534,2.5304,2.6939,2.7384,2.6475
2025-02-03,2.4086,2.2758,2.1061,1.9872,1.9991,2.1296,2.2738,2.4464,2.6073,2.6534,2.5702
2025-02-04,2.4037,2.2632,2.0960,1.9975,2.0234,2.1635,2.3078,2.4772,2.6337,2.6789,2.6006
2025-02-05,2.3880,2.2626,2.1056,1.9988,2.0110,2.1308,2.2628,2.4215,2.5710,2.6158,2.5441
2025-02-06,2.3840,2.2636,2.1115,2.0061,2.0170,2.1345,2.2658,2.4252,2.5787,2.6284,2.5650
2025-02-07,2.3923,2.2808,2.1276,2.0136,2.0253,2.1538,2.2948,2.4628,2.6182,2.6614,2.5778
2025-02-10,2.3707,2.2594,2.1053,1.9758,1.9735,2.0997,2.2520,2.4334,2.5954,2.6363,2.5444
2025-02-11,2.3786,2.2713,2.1284,2.0217,2.0339,2.1692,2.3206,2.4999,2.6634,2.7073,2.6175
2025-02-12,2.3851,2.2874,2.1605,2.0732,2.0927,2.2277,2.3754,2.5518,2.7147,2.7589,2.6674
2025-02-13,2.3783,2.2772,2.1409,2.0350,2.0426,2.1685,2.3141,2.4889,2.6492,2.6917,2.6004
2025-02-14,2.3591,2.2789,2.1643,2.0625,2.0598,2.1731,2.3193,2.5005,2.6627,2.6979,2.5860
2025-02-17,2.3432,2.2640,2.1572,2.0773,2.0919,2.2190,2.3660,2.5461,2.7152,2.7619,2.6672
2025-02-18,2.3341,2.2535,2.1475,2.0742,2.0950,2.2290,2.3781,2.5581,2.7243,2.7674,2.6672
2025-02-19,2.3190,2.2603,2.1817,2.1286,2.1518,2.2820,2.4292,2.6098,2.7779,2.8209,2.7151
2025-02-20,2.2798,2.2248,2.1521,2.1062,2.1337,2.2684,2.4183,2.6020,2.7744,2.8212,2.7208
2025-02-21,2.2880,2.2115,2.1109,2.0427,2.0660,2.2032,2.3551,2.5384,2.7072,2.7504,2.6468
2025-02-24,2.2903,2.2089,2.1012,2.0267,2.0492,2.1899,2.3460,2.5349,2.7109,2.7591,2.6604
2025-02-25,2.2918,2.2051,2.0919,2.0153,2.0388,2.1812,2.3380,2.5273,2.7044,2.7542,2.6590
2025-02-26,2.2621,2.1863,2.0855,2.0144,2.0346,2.1681,2.3194,2.5051,2.6822,2.7350,2.6464
2025-02-27,2.2585,2.1865,2.0830,1.9928,1.9971,2.1255,2.2900,2.4965,2.6846,2.7293,2.6133
2025-02-28,2.2359,2.1641,2.0618,1.9745,1.9805,2.1074,2.2676,2.4693,2.6592,2.7130,2.6172
2025-03-03,2.2781,2.2077,2.1093,2.0319,2.0478,2.1911,2.3634,2.5783,2.7820,2.8421,2.7446
2025-03-04,2.2811,2.1976,2.0779,1.9743,1.9802,2.1297,2.3207,2.5626,2.7923,2.8620,2.7652
2025-03-05,2.2762,2.2222,2.1582,2.1421,2.2018,2.3904,2.5784,2.7987,3.0003,3.0544,2.9411
2025-03-06,2.2885,2.2475,2.2065,2.2259,2.3099,2.5253,2.7238,2.9450,3.1315,3.1654,3.0203
2025-03-07,2.2923,2.2388,2.1801,2.1802,2.2542,2.4588,2.6523,2.8731,3.0704,3.1206,3.0056
2025-03-10,2.3136,2.2458,2.1665,2.1479,2.2195,2.4343,2.6384,2.8688,3.0727,3.1255,3.0135
2025-03-11,2.3309,2.2510,2.1614,2.1485,2.2353,2.4755,2.6942,2.9343,3.1394,3.1859,3.0573
2025-03-12,2.3178,2.2500,2.1771,2.1771,2.2627,2.4906,2.6998,2.9343,3.1415,3.1943,3.0762
2025-03-13,2.2975,2.2279,2.1476,2.1416,2.2291,2.4616,2.6740,2.9137,3.1302,3.1915,3.0848
2025-03-14,2.2844,2.2374,2.1810,2.1720,2.2416,2.4631,2.6869,2.9462,3.1733,3.2269,3.0927
2025-03-17,2.2525,2.2026,2.1440,2.1424,2.2196,2.4341,2.6357,2.8657,3.0743,3.1323,3.0254
2025-03-18,2.2300,2.1896,2.1483,2.1650,2.2466,2.4607,2.6628,2.8968,3.1150,3.1825,3.0881
2025-03-19,2.2504,2.2049,2.1444,2.1373,2.2142,2.4296,2.6304,2.8580,3.0630,3.1191,3.0122
2025-03-20,2.2288,2.1706,2.1079,2.1098,2.1893,2.4028,2.6013,2.8267,3.0315,3.0902,2.9913
2025-03-21,2.2257,2.1815,2.1257,2.1078,2.1653,2.3696,2.5870,2.8459,3.0749,3.1281,2.9944
2025-03-24,2.2043,2.1635,2.1134,2.1035,2.1664,2.3777,2.5997,2.8631,3.0944,3.1463,3.0063
2025-03-25,2.2032,2.1647,2.1182,2.1131,2.1788,2.3924,2.6151,2.8783,3.1090,3.1602,3.0193
2025-03-26,2.2011,2.1504,2.0914,2.0864,2.1623,2.3894,2.6113,2.8656,3.0933,3.1567,3.0483
2025-03-27,2.1928,2.1357,2.0663,2.0492,2.1220,2.3576,2.5930,2.8624,3.0975,3.1567,3.0338
2025-03-28,2.1868,2.1283,2.0533,2.0213,2.0812,2.3035,2.5375,2.8121,3.0550,3.1176,2.9973
2025-03-31,2.1800,2.1168,2.0347,1.9947,2.0511,2.2719,2.5063,2.7817,3.0256,3.0895,2.9727
2025-04-01,2.2208,2.1481,2.0515,1.9947,2.0435,2.2587,2.4900,2.7589,2.9894,3.0415,2.9121
2025-04-02,2.2121,2.1376,2.0407,1.9895,2.0446,2.2656,2.4957,2.7610,2.9931,3.0534,2.9407
2025-04-03,2.2111,2.1299,2.0191,1.9439,1.9843,2.2005,2.4435,2.7337,2.9935,3.0649,2.9545
2025-04-04,2.1975,2.0880,1.9364,1.8215,1.8525,2.0808,2.3411,2.6476,2.9159,2.9884,2.8794
2025-04-07,2.1855,2.0657,1.9029,1.7879,1.8307,2.0853,2.3627,2.6815,2.9562,3.0296,2.9176
2025-04-08,2.1369,2.0658,1.9685,1.9049,1.9497,2.1764,2.4365,2.7532,3.0362,3.1074,2.9725
2025-04-09,2.0962,1.9858,1.8398,1.7508,1.8111,2.0830,2.3661,2.6866,2.9612,3.0339,2.9178
2025-04-10,2.1269,2.0342,1.9101,1.8314,1.8815,2.1219,2.3800,2.6777,2.9326,2.9946,2.8692
2025-04-11,1.9600,1.8753,1.7705,1.7300,1.8074,2.0678,2.3213,2.6037,2.8462,2.9091,2.7927
2025-04-14,2.0412,1.9247,1.7872,1.7391,1.8270,2.0932,2.3352,2.5988,2.8313,2.9010,2.8106
2025-04-15,1.9186,1.8631,1.7943,1.7747,1.8464,2.0891,2.3391,2.6309,2.8900,2.9593,2.8386
2025-04-16,1.9405,1.8646,1.7688,1.7291,1.8006,2.0541,2.3096,2.5996,2.8504,2.9150,2.7947
2025-04-17,1.9362,1.8549,1.7517,1.7046,1.7732,2.0244,2.2799,2.5747,2.8429,2.9282,2.8404
2025-04-22,1.9604,1.8587,1.7312,1.6719,1.7456,2.0084,2.2649,2.5520,2.8074,2.8864,2.7984
2025-04-23,1.9342,1.8633,1.7752,1.7433,1.8163,2.0646,2.3137,2.6002,2.8592,2.9390,2.8455
2025-04-24,1.9420,1.8506,1.7343,1.6778,1.7461,2.0009,2.2570,2.5491,2.8129,2.8975,2.8151
2025-04-25,2.0244,1.9234,1.7918,1.7158,1.7737,2.0200,2.2732,2.5626,2.8220,2.9033,2.8192
2025-04-28,1.9697,1.8912,1.7890,1.7363,1.7984,2.0452,2.3045,2.6075,2.8813,2.9644,2.8671
2025-04-29,1.9376,1.8745,1.7905,1.7451,1.7993,2.0286,2.2824,2.5893,2.8689,2.9480,2.8341
2025-04-30,1.8846,1.8220,1.7400,1.6995,1.7582,1.9935,2.2497,2.5576,2.8387,2.9214,2.8153
2025-05-02,1.9053,1.8513,1.7810,1.7504,1.8096,2.0387,2.2900,2.5960,2.8789,2.9623,2.8521
2025-05-05,1.9123,1.8520,1.7744,1.7418,1.8064,2.0486,2.3083,2.6204,2.9106,3.0024,2.9060
2025-05-06,1.9341,1.8761,1.8006,1.7672,1.8295,2.0706,2.3342,2.6545,2.9514,3.0409,2.9306
2025-05-07,1.9476,1.8780,1.7851,1.7320,1.7854,2.0199,2.2796,2.5934,2.8817,2.9678,2.8613
2025-05-08,1.9634,1.8899,1.7933,1.7414,1.7995,2.0404,2.3002,2.6097,2.8942,2.9827,2.8852
2025-05-09,1.9568,1.8917,1.8084,1.7736,1.8412,2.0911,2.3547,2.6665,2.9498,3.0335,2.9233
2025-05-12,1.9607,1.9254,1.8723,1.8798,1.9756,2.2261,2.4573,2.7250,2.9838,3.0780,3.0081
2025-05-13,1.9359,1.9131,1.8691,1.8789,1.9764,2.2336,2.4716,2.7471,3.0123,3.1073,3.0313
2025-05-14,1.9783,1.9309,1.8785,1.8874,1.9776,2.2335,2.4821,2.7703,3.0377,3.1236,3.0268
2025-05-15,2.0008,1.9456,1.8792,1.8675,1.9458,2.1941,2.4444,2.7375,3.0085,3.0942,2.9959
2025-05-16,1.9581,1.9076,1.8468,1.8362,1.9099,2.1468,2.3887,2.6752,2.9433,3.0303,2.9382
2025-05-19,1.9849,1.9167,1.8348,1.8146,1.8952,2.1492,2.3993,2.6887,2.9590,3.0508,2.9698
2025-05-20,1.9233,1.8840,1.8382,1.8403,1.9172,2.1578,2.4085,2.7126,3.0045,3.1036,3.0149
2025-05-21,1.9377,1.8908,1.8378,1.8426,1.9287,2.1817,2.4337,2.7335,3.0257,3.1354,3.0726
2025-05-22,1.9614,1.9007,1.8298,1.8221,1.9100,2.1756,2.4383,2.7474,3.0466,3.1594,3.0988
2025-05-23,1.9569,1.8726,1.7707,1.7387,1.8234,2.0948,2.3603,2.6682,2.9646,3.0785,3.0271
2025-05-26,1.8721,1.8291,1.7789,1.7793,1.8589,2.1072,2.3635,2.6722,2.9673,3.0686,2.9830
2025-05-27,1.8631,1.8203,1.7713,1.7747,1.8552,2.0975,2.3427,2.6355,2.9171,3.0173,2.9430
2025-05-28,1.9016,1.8552,1.8003,1.7959,1.8719,2.1098,2.3532,2.6448,2.9256,3.0254,2.9511
2025-05-29,1.8695,1.8271,1.7765,1.7725,1.8450,2.0769,2.3187,2.6116,2.8947,2.9944,2.9181
2025-05-30,1.8638,1.8251,1.7798,1.7806,1.8535,2.0819,2.3198,2.6101,2.8951,3.0003,2.9354
2025-06-02,1.8912,1.8557,1.8124,1.8073,1.8710,2.0874,2.3245,2.6226,2.9173,3.0209,2.9393
2025-06-03,1.8884,1.8397,1.7787,1.7610,1.8261,2.0536,2.2966,2.5938,2.8832,2.9875,2.9178
2025-06-04,1.8498,1.8178,1.7823,1.7934,1.8699,2.0983,2.3345,2.6234,2.9081,3.0136,2.9489
2025-06-05,1.8242,1.8023,1.7842,1.8251,1.9225,2.1618,2.3851,2.6470,2.9041,3.0009,2.9391
2025-06-06,1.8702,1.8501,1.8325,1.8622,1.9438,2.1652,2.3884,2.6594,2.9236,3.0161,2.9373
2025-06-09,1.8651,1.8456,1.8281,1.8562,1.9366,2.1607,2.3917,2.6758,2.9532,3.0473,2.9572
2025-06-10,1.8621,1.8395,1.8161,1.8337,1.9055,2.1175,2.3408,2.6168,2.8823,2.9652,2.8595
2025-06-11,1.8488,1.8162,1.7834,1.8055,1.8913,2.1241,2.3516,2.6215,2.8839,2.9795,2.9106
2025-06-12,1.8434,1.8147,1.7840,1.7980,1.8716,2.0861,2.3069,2.5778,2.8481,2.9498,2.8862
2025-06-13,1.8357,1.8211,1.8086,1.8343,1.9049,2.1081,2.3261,2.6032,2.8765,2.9608,2.8421
2025-06-16,1.8420,1.8245,1.8080,1.8311,1.9032,2.1136,2.3384,2.6215,2.8963,2.9784,2.8552
2025-06-17,1.8290,1.8187,1.8136,1.8500,1.9268,2.1335,2.3492,2.6218,2.8970,2.9939,2.9067
2025-06-18,1.8351,1.8194,1.8062,1.8339,1.9076,2.1140,2.3301,2.6011,2.8719,2.9671,2.8831
2025-06-19,1.8337,1.8165,1.8011,1.8271,1.9012,2.1102,2.3288,2.6020,2.8731,2.9672,2.8810
2025-06-20,1.8431,1.8262,1.8109,1.8361,1.9090,2.1173,2.3373,2.6143,2.8902,2.9850,2.8943
2025-06-23,1.8778,1.8595,1.8402,1.8550,1.9177,2.1123,2.3279,2.6073,2.8893,2.9817,2.8734
2025-06-24,1.8865,1.8614,1.8344,1.8486,1.9202,2.1359,2.3648,2.6498,2.9298,3.0248,2.9326
2025-06-25,1.8557,1.8380,1.8224,1.8510,1.9295,2.1494,2.3784,2.6644,2.9506,3.0539,2.9752
2025-06-26,1.8546,1.8283,1.8003,1.8169,1.8935,2.1210,2.3604,2.6578,2.9535,3.0609,2.9861
2025-06-27,1.8652,1.8426,1.8207,1.8455,1.9266,2.1564,2.3940,2.6868,2.9749,3.0765,2.9940
2025-06-30,1.8628,1.8404,1.8191,1.8449,1.9266,2.1560,2.3913,2.6792,2.9595,3.0556,2.9683
2025-07-01,1.8559,1.8292,1.8023,1.8240,1.9056,2.1361,2.3701,2.6532,2.9267,3.0209,2.9373
2025-07-02,1.8611,1.8363,1.8145,1.8484,1.9414,2.1886,2.4322,2.7236,3.0073,3.1105,3.0389
2025-07-03,1.8346,1.8154,1.7999,1.8348,1.9227,2.1589,2.3970,2.6868,2.9705,3.0715,2.9940
2025-07-04,1.8597,1.8280,1.7933,1.8059,1.8844,2.1175,2.3584,2.6527,2.9412,3.0462,2.9763
2025-07-07,1.8451,1.8213,1.7996,1.8303,1.9191,2.1606,2.4029,2.6964,2.9850,3.0916,3.0234
2025-07-08,1.8436,1.8296,1.8222,1.8665,1.9594,2.2014,2.4448,2.7430,3.0373,3.1427,3.0616
2025-07-09,1.8394,1.8200,1.8058,1.8470,1.9424,2.1905,2.4360,2.7333,3.0290,3.1423,3.0817
2025-07-10,1.8241,1.8133,1.8121,1.8673,1.9678,2.2168,2.4607,2.7572,3.0546,3.1707,3.1145
2025-07-11,1.8435,1.8385,1.8444,1.9032,2.0012,2.2438,2.4866,2.7877,3.0919,3.2061,3.1344
2025-07-14,1.8169,1.8074,1.8090,1.8699,1.9760,2.2344,2.4854,2.7891,3.0934,3.2130,3.1597
2025-07-15,1.8324,1.8110,1.7959,1.8413,1.9430,2.2000,2.4484,2.7457,3.0429,3.1627,3.1205
2025-07-16,1.8546,1.8250,1.7978,1.8310,1.9291,2.1888,2.4427,2.7466,3.0506,3.1743,3.1361
2025-07-17,1.8228,1.8027,1.7872,1.8272,1.9230,2.1757,2.4283,2.7366,3.0478,3.1735,3.1315
2025-07-18,1.8260,1.8083,1.7969,1.8421,1.9410,2.1962,2.4492,2.7570,3.0673,3.1920,3.1481
2025-07-21,1.8309,1.8086,1.7866,1.8098,1.8899,2.1224,2.3679,2.6769,2.9917,3.1146,3.0610
2025-07-22,1.8492,1.8203,1.7879,1.7986,1.8728,2.1025,2.3491,2.6602,2.9767,3.1004,3.0486
2025-07-23,1.8471,1.8143,1.7783,1.7905,1.8704,2.1093,2.3580,2.6658,2.9797,3.1095,3.0783
2025-07-24,1.8540,1.8437,1.8405,1.8858,1.9752,2.2095,2.4505,2.7535,3.0639,3.1847,3.1259
2025-07-25,1.8858,1.8775,1.8774,1.9268,2.0181,2.2530,2.4928,2.7933,3.1003,3.2187,3.1569
2025-07-28,1.8760,1.8596,1.8475,1.8843,1.9718,2.2087,2.4522,2.7556,3.0638,3.1843,3.1301
2025-07-29,1.8688,1.8602,1.8595,1.9077,1.9979,2.2310,2.4694,2.7686,3.0745,3.1925,3.1305
2025-07-30,1.8885,1.8804,1.8803,1.9284,2.0176,2.2477,2.4831,2.7787,3.0811,3.1973,3.1340
2025-07-31,1.9035,1.8940,1.8916,1.9362,2.0225,2.2466,2.4757,2.7631,3.0575,3.1726,3.1156
2025-08-01,1.8609,1.8476,1.8404,1.8823,1.9704,2.2018,2.4368,2.7295,3.0306,3.1537,3.1134
2025-08-04,1.8662,1.8525,1.8431,1.8778,1.9583,2.1787,2.4096,2.7032,3.0089,3.1332,3.0897
2025-08-05,1.8519,1.8424,1.8390,1.8795,1.9609,2.1778,2.4045,2.6948,3.0008,3.1278,3.0890
2025-08-06,1.8779,1.8622,1.8493,1.8797,1.9580,2.1775,2.4092,2.7046,3.0126,3.1384,3.0965
2025-08-07,1.8760,1.8633,1.8553,1.8911,1.9713,2.1894,2.4175,2.7076,3.0097,3.1321,3.0868
2025-08-08,1.8908,1.8852,1.8879,1.9354,2.0198,2.2382,2.4655,2.7574,3.0649,3.1886,3.1344
2025-08-11,1.8862,1.8828,1.8887,1.9399,2.0257,2.2439,2.4701,2.7614,3.0705,3.1973,3.1486
2025-08-12,1.9097,1.9019,1.9023,1.9513,2.0417,2.2757,2.5164,2.8202,3.1321,3.2520,3.1861
2025-08-13,1.9123,1.8970,1.8845,1.9144,1.9923,2.2142,2.4525,2.7607,3.0859,3.2192,3.1747
2025-08-14,1.9078,1.8948,1.8861,1.9218,2.0036,2.2299,2.4700,2.7790,3.1040,3.2368,3.1912
2025-08-15,1.9049,1.8883,1.8795,1.9297,2.0312,2.2864,2.5366,2.8431,3.1635,3.3064,3.2965
2025-08-18,1.9178,1.9039,1.8954,1.9362,2.0257,2.2667,2.5170,2.8344,3.1671,3.3066,3.2711
2025-08-19,1.8990,1.8877,1.8836,1.9299,2.0220,2.2626,2.5095,2.8220,3.1529,3.2972,3.2761
2025-08-20,1.9003,1.8828,1.8688,1.9028,1.9889,2.2264,2.4743,2.7890,3.1218,3.2665,3.2457
2025-08-21,1.9011,1.8921,1.8911,1.9396,2.0308,2.2674,2.5110,2.8212,3.1522,3.2973,3.2768
2025-08-22,1.9041,1.8983,1.9004,1.9473,2.0325,2.2574,2.4960,2.8081,3.1437,3.2823,3.2303
2025-08-25,1.9202,1.9110,1.9097,1.9579,2.0492,2.2863,2.5307,2.8420,3.1742,3.3200,3.3001
2025-08-26,1.9121,1.8974,1.8864,1.9200,2.0024,2.2336,2.4812,2.8030,3.1501,3.3025,3.2824
2025-08-27,1.9195,1.8996,1.8804,1.9044,1.9829,2.2145,2.4659,2.7933,3.1456,3.3000,3.2810
2025-08-28,1.9344,1.9145,1.8943,1.9145,1.9879,2.2091,2.4524,2.7721,3.1192,3.2730,3.2569
2025-08-29,1.9357,1.9169,1.8986,1.9214,1.9964,2.2196,2.4641,2.7855,3.1359,3.2930,3.2816
2025-09-01,1.9450,1.9248,1.9053,1.9289,2.0074,2.2394,2.4916,2.8202,3.1740,3.3294,3.3115
2025-09-02,1.9434,1.9290,1.9187,1.9548,2.0400,2.2772,2.5300,2.8584,3.2139,3.3729,3.3612
2025-09-03,1.9376,1.9201,1.9045,1.9325,2.0124,2.2435,2.4937,2.8209,3.1766,3.3361,3.3265
2025-09-04,1.9355,1.9182,1.9021,1.9265,2.0012,2.2226,2.4661,2.7880,3.1398,3.2962,3.2801
2025-09-05,1.9081,1.8932,1.8796,1.9033,1.9738,2.1856,2.4236,2.7458,3.1082,3.2746,3.2679
2025-09-08,1.9248,1.9057,1.8845,1.8960,1.9578,2.1607,2.3967,2.7206,3.0835,3.2429,3.2135
2025-09-09,1.9213,1.9037,1.8860,1.9051,1.9736,2.1837,2.4198,2.7374,3.0922,3.2558,3.2545
2025-09-10,1.9382,1.9192,1.8991,1.9142,1.9796,2.1856,2.4193,2.7349,3.0883,3.2515,3.2502
2025-09-11,1.9446,1.9335,1.9253,1.9532,2.0218,2.2210,2.4428,2.7437,3.0852,3.2456,3.2459
2025-09-12,1.9358,1.9315,1.9349,1.9791,2.0573,2.2636,2.4847,2.7793,3.1098,3.2618,3.2520
2025-09-15,1.9355,1.9300,1.9312,1.9720,2.0480,2.2518,2.4719,2.7663,3.0976,3.2506,3.2426
2025-09-16,1.9509,1.9436,1.9417,1.9779,2.0506,2.2507,2.4691,2.7626,3.0936,3.2466,3.2385
2025-09-17,1.9379,1.9296,1.9270,1.9644,2.0395,2.2425,2.4590,2.7440,3.0601,3.2070,3.2071
2025-09-18,1.9475,1.9405,1.9395,1.9780,2.0538,2.2611,2.4868,2.7888,3.1239,3.2712,3.2413
2025-09-19,1.9577,1.9503,1.9492,1.9896,2.0684,2.2810,2.5093,2.8111,3.1436,3.2918,3.2716
2025-09-22,1.9561,1.9483,1.9464,1.9853,2.0633,2.2770,2.5093,2.8191,3.1635,3.3175,3.2966
2025-09-23,1.9435,1.9403,1.9461,1.9956,2.0790,2.2937,2.5200,2.8184,3.1505,3.3038,3.2985
2025-09-24,1.9433,1.9384,1.9414,1.9874,2.0694,2.2852,2.5151,2.8189,3.1557,3.3080,3.2938
2025-09-25,1.9449,1.9442,1.9542,2.0095,2.0962,2.3139,2.5406,2.8373,3.1634,3.3083,3.2855
2025-09-26,1.9431,1.9409,1.9482,1.9994,2.0834,2.2979,2.5233,2.8197,3.1467,3.2928,3.2722
2025-09-29,1.9391,1.9381,1.9464,1.9957,2.0752,2.2792,2.4964,2.7860,3.1092,3.2526,3.2234
2025-09-30,1.9411,1.9384,1.9442,1.9908,2.0695,2.2734,2.4904,2.7787,3.1008,3.2474,3.2323
2025-10-01,1.9490,1.9415,1.9394,1.9762,2.0501,2.2531,2.4738,2.7688,3.0986,3.2489,3.2362
2025-10-02,1.9481,1.9440,1.9477,1.9917,2.0693,2.2737,2.4928,2.7848,3.1120,3.2618,3.2501
2025-10-03,1.9438,1.9418,1.9482,1.9940,2.0703,2.2688,2.4818,2.7678,3.0920,3.2425,3.2326
2025-10-06,1.9456,1.9395,1.9400,1.9808,2.0579,2.2652,2.4885,2.7856,3.1168,3.2675,3.2546
2025-10-07,1.9281,1.9265,1.9346,1.9857,2.0686,2.2805,2.5045,2.8018,3.1345,3.2873,3.2759
2025-10-08,1.9349,1.9278,1.9262,1.9630,2.0365,2.2386,2.4592,2.7556,3.0885,3.2403,3.2261
2025-10-09,1.9221,1.9193,1.9251,1.9726,2.0527,2.2600,2.4803,2.7727,3.0997,3.2499,3.2394
2025-10-10,1.9236,1.9180,1.9189,1.9587,2.0333,2.2341,2.4511,2.7418,3.0690,3.2203,3.2125
2025-10-13,1.9140,1.9055,1.9008,1.9307,1.9977,2.1908,2.4083,2.7066,3.0444,3.1935,3.1578
2025-10-14,1.8961,1.8880,1.8844,1.9169,1.9858,2.1788,2.3914,2.6787,3.0047,3.1570,3.1535
2025-10-15,1.8953,1.8851,1.8769,1.9002,1.9613,2.1450,2.3559,2.6483,2.9828,3.1319,3.0993
2025-10-16,1.8989,1.8884,1.8800,1.9038,1.9660,2.1528,2.3667,2.6626,3.0005,3.1512,3.1196
2025-10-17,1.8832,1.8748,1.8700,1.8984,1.9631,2.1511,2.3644,2.6597,2.9996,3.1546,3.1304
2025-10-20,1.8762,1.8691,1.8666,1.8984,1.9654,2.1560,2.3702,2.6652,3.0034,3.1566,3.1300
2025-10-21,1.8699,1.8626,1.8592,1.8886,1.9524,2.1360,2.3439,2.6316,2.9632,3.1143,3.0894
2025-10-22,1.8859,1.8773,1.8719,1.8989,1.9619,2.1463,2.3559,2.6456,2.9778,3.1273,3.0980
2025-10-23,1.8908,1.8830,1.8788,1.9077,1.9720,2.1577,2.3681,2.6590,2.9932,3.1445,3.1168
2025-10-24,1.9085,1.9049,1.9085,1.9493,2.0216,2.2148,2.4253,2.7104,3.0354,3.1856,3.1710
2025-10-27,1.9100,1.9070,1.9114,1.9526,2.0243,2.2149,2.4225,2.7045,3.0270,3.1765,3.1618
2025-10-28,1.9093,1.9061,1.9099,1.9502,2.0211,2.2104,2.4170,2.6978,3.0190,3.1677,3.1520
2025-10-29,1.9017,1.8987,1.9031,1.9450,2.0178,2.2106,2.4199,2.7030,3.0250,3.1729,3.1558
2025-10-30,1.9127,1.9118,1.9197,1.9665,2.0419,2.2349,2.4406,2.7162,3.0284,3.1733,3.1619
2025-10-31,1.9013,1.8987,1.9043,1.9496,2.0262,2.2252,2.4378,2.7216,3.0421,3.1913,3.1840
2025-11-03,1.8943,1.8952,1.9068,1.9602,2.0409,2.2412,2.4505,2.7280,3.0437,3.1964,3.2054
2025-11-04,1.8930,1.8930,1.9030,1.9545,2.0344,2.2349,2.4454,2.7254,3.0446,3.1995,3.2109
2025-11-05,1.8836,1.8852,1.8981,1.9540,2.0369,2.2411,2.4541,2.7362,3.0554,3.2070,3.2077
2025-11-06,1.9004,1.9007,1.9112,1.9634,2.0437,2.2441,2.4542,2.7333,3.0512,3.2052,3.2153
2025-11-07,1.9152,1.9149,1.9238,1.9723,2.0495,2.2480,2.4618,2.7519,3.0860,3.2435,3.2337
2025-11-10,1.9247,1.9217,1.9266,1.9713,2.0478,2.2474,2.4612,2.7474,3.0727,3.2273,3.2288
2025-11-11,1.9258,1.9223,1.9267,1.9709,2.0469,2.2449,2.4555,2.7362,3.0555,3.2100,3.2217
2025-11-12,1.9298,1.9277,1.9333,1.9758,2.0477,2.2371,2.4432,2.7238,3.0480,3.2020,3.1966
2025-11-13,1.9090,1.9148,1.9338,1.9947,2.0769,2.2729,2.4767,2.7505,3.0690,3.2255,3.2330
2025-11-14,1.8904,1.8977,1.9202,1.9898,2.0809,2.2912,2.5034,2.7812,3.0979,3.2549,3.2751
2025-11-17,1.9114,1.9170,1.9366,2.0020,2.0903,2.2980,2.5096,2.7879,3.1063,3.2647,3.2864
2025-11-18,1.9156,1.9163,1.9274,1.9801,2.0611,2.2652,2.4817,2.7726,3.1061,3.2656,3.2666
2025-11-19,1.9477,1.9437,1.9471,1.9897,2.0657,2.2682,2.4881,2.7852,3.1239,3.2822,3.2739
2025-11-20,1.9577,1.9557,1.9618,2.0068,2.0829,2.2851,2.5069,2.8113,3.1632,3.3265,3.3056
2025-11-21,1.9479,1.9410,1.9399,1.9778,2.0526,2.2580,2.4827,2.7865,3.1325,3.2959,3.2957
2025-11-24,1.9341,1.9355,1.9470,1.9981,2.0762,2.2753,2.4910,2.7871,3.1336,3.2986,3.2863
2025-11-25,1.9362,1.9360,1.9450,1.9924,2.0677,2.2614,2.4709,2.7575,3.0948,3.2631,3.2805
2025-11-26,1.9395,1.9393,1.9482,1.9959,2.0717,2.2669,2.4781,2.7670,3.1072,3.2775,3.2968
2025-11-27,1.9460,1.9453,1.9533,1.9993,2.0737,2.2669,2.4766,2.7643,3.1036,3.2736,3.2929
2025-11-28,1.9535,1.9532,1.9617,2.0086,2.0835,2.2771,2.4867,2.7738,3.1119,3.2809,3.2990
2025-12-01,1.9693,1.9704,1.9823,2.0362,2.1181,2.3242,2.5436,2.8400,3.1838,3.3524,3.3651
2025-12-02,1.9560,1.9547,1.9655,2.0263,2.1187,2.3391,2.5588,2.8412,3.1641,3.3357,3.3989
2025-12-03,1.9552,1.9563,1.9685,2.0245,2.1089,2.3177,2.5359,2.8268,3.1635,3.3352,3.3732
2025-12-04,1.9647,1.9680,1.9841,2.0454,2.1327,2.3434,2.5609,2.8490,3.1813,3.3496,3.3838
2025-12-05,1.9696,1.9718,1.9875,2.0529,2.1464,2.3667,2.5871,2.8720,3.1979,3.3688,3.4248
2025-12-08,1.9552,1.9738,2.0156,2.1128,2.2210,2.4467,2.6619,2.9378,3.2536,3.4162,3.4536
2025-12-09,1.9669,1.9838,2.0225,2.1152,2.2202,2.4426,2.6567,2.9324,3.2491,3.4126,3.4512
2025-12-10,1.9573,1.9799,2.0283,2.1335,2.2449,2.4694,2.6793,2.9466,3.2533,3.4132,3.4532
2025-12-11,1.9636,1.9830,2.0257,2.1223,2.2282,2.4476,2.6571,2.9271,3.2384,3.3990,3.4330
2025-12-12,1.9560,1.9774,2.0236,2.1260,2.2365,2.4631,2.6782,2.9548,3.2735,3.4374,3.4702
2025-12-15,1.9605,1.9790,2.0200,2.1145,2.2195,2.4392,2.6504,2.9238,3.2401,3.4043,3.4424
2025-12-16,1.9450,1.9660,2.0115,2.1131,2.2234,2.4503,2.6664,2.9448,3.2659,3.4315,3.4663
2025-12-17,1.9449,1.9634,2.0051,2.1027,2.2122,2.4421,2.6627,2.9461,3.2695,3.4331,3.4621
2025-12-18,1.9572,1.9720,2.0081,2.1003,2.2091,2.4422,2.6653,2.9490,3.2726,3.4432,3.4984
2025-12-19,1.9613,1.9791,2.0205,2.1198,2.2324,2.4687,2.6935,2.9803,3.3085,3.4807,3.5325
2025-12-22,1.9524,1.9721,2.0171,2.1227,2.2402,2.4828,2.7101,2.9967,3.3207,3.4879,3.5310
2025-12-23,1.9624,1.9802,2.0215,2.1201,2.2312,2.4630,2.6824,2.9610,3.2782,3.4429,3.4868
2025-12-24,1.9728,1.9888,2.0269,2.1215,2.2306,2.4620,2.6829,2.9641,3.2824,3.4449,3.4804
2025-12-29,1.9746,1.9860,2.0135,2.0891,2.1871,2.4131,2.6366,2.9225,3.2467,3.4152,3.4637
2025-12-30,1.9530,1.9686,2.0062,2.1004,2.2099,2.4429,2.6657,2.9493,3.2708,3.4353,3.4734
2025-12-31,1.9815,1.9929,2.0237,2.1085,2.2124,2.4407,2.6630,2.9480,3.2722,3.4386,3.4786
2026-01-02,1.9618,1.9769,2.0143,2.1097,2.2214,2.4594,2.6867,2.9750,3.3007,3.4670,3.5055
2026-01-05,1.9612,1.9796,2.0208,2.1167,2.2243,2.4522,2.6737,2.9627,3.2972,3.4670,3.4915
2026-01-06,1.9674,1.9759,2.0021,2.0812,2.1825,2.4106,2.6350,2.9239,3.2529,3.4223,3.4661
2026-01-07,1.9700,1.9753,1.9960,2.0676,2.1646,2.3890,2.6127,2.9024,3.2331,3.4038,3.4500
2026-01-08,1.9597,1.9694,1.9974,2.0789,2.1815,2.4101,2.6339,2.9216,3.2489,3.4172,3.4598
2026-01-09,1.9766,1.9867,2.0137,2.0897,2.1856,2.4052,2.6287,2.9259,3.2717,3.4454,3.4670
2026-01-12,1.9822,1.9874,2.0077,2.0775,2.1719,2.3905,2.6092,2.8928,3.2172,3.3845,3.4275
2026-01-13,1.9873,1.9903,2.0080,2.0778,2.1750,2.3999,2.6219,2.9070,3.2331,3.4049,3.4606
2026-01-14,1.9816,1.9818,1.9956,2.0614,2.1570,2.3796,2.5992,2.8814,3.2062,3.3806,3.4461
2026-01-15,1.9831,1.9854,2.0020,2.0697,2.1642,2.3815,2.5950,2.8687,3.1822,3.3482,3.4031
2026-01-16,1.9796,1.9867,2.0109,2.0876,2.1866,2.4068,2.6205,2.8938,3.2067,3.3722,3.4264
2026-01-19,1.9878,1.9862,1.9972,2.0601,2.1553,2.3809,2.6045,2.8903,3.2143,3.3833,3.4356
2026-01-20,1.9717,1.9702,1.9835,2.0547,2.1591,2.3995,2.6327,2.9277,3.2620,3.4383,3.4985
2026-01-21,1.9619,1.9622,1.9785,2.0537,2.1604,2.4031,2.6373,2.9330,3.2677,3.4440,3.5042
2026-01-22,1.9812,1.9859,2.0076,2.0856,2.1899,2.4237,2.6498,2.9369,3.2635,3.4357,3.4927
2026-01-23,1.9724,1.9844,2.0167,2.1049,2.2117,2.4428,2.6646,2.9478,3.2731,3.4468,3.5085
2026-01-26,1.9794,1.9859,2.0095,2.0874,2.1889,2.4157,2.6359,2.9174,3.2408,3.4143,3.4789
2026-01-27,1.9841,1.9873,2.0064,2.0805,2.1821,2.4123,2.6359,2.9212,3.2482,3.4236,3.4899
2026-01-28,1.9709,1.9695,1.9827,2.0530,2.1558,2.3920,2.6211,2.9119,3.2439,3.4221,3.4915
2026-01-29,1.9345,1.9387,1.9596,2.0362,2.1396,2.3729,2.6001,2.8917,3.2308,3.4186,3.5058
2026-01-30,1.9711,1.9705,1.9835,2.0496,2.1477,2.3789,2.6084,2.9034,3.2431,3.4270,3.5030
2026-02-02,1.9685,1.9710,1.9893,2.0632,2.1654,2.3979,2.6246,2.9151,3.2520,3.4375,3.5204
2026-02-03,1.9775,1.9816,2.0028,2.0813,2.1870,2.4243,2.6539,2.9471,3.2864,3.4729,3.5566
2026-02-04,1.9619,1.9665,1.9872,2.0625,2.1649,2.3995,2.6308,2.9291,3.2760,3.4667,3.5529
2026-02-05,1.9562,1.9613,1.9827,2.0588,2.1620,2.3974,2.6275,2.9225,3.2653,3.4552,3.5444
2026-02-06,1.9739,1.9700,1.9789,2.0431,2.1425,2.3768,2.6074,2.9032,3.2467,3.4377,3.5300
2026-02-09,1.9747,1.9674,1.9717,2.0326,2.1322,2.3698,2.6040,2.9047,3.2561,3.4544,3.5578
2026-02-10,1.9604,1.9603,1.9716,2.0295,2.1182,2.3374,2.5650,2.8673,3.2219,3.4131,3.4882
2026-02-11,1.9770,1.9736,1.9806,2.0354,2.1244,2.3450,2.5712,2.8678,3.2144,3.4046,3.4908
2026-02-12,1.9854,1.9774,1.9780,2.0270,2.1142,2.3325,2.5544,2.8433,3.1822,3.3727,3.4710
2026-02-13,1.9856,1.9708,1.9609,1.9973,2.0786,2.2940,2.5168,2.8073,3.1473,3.3380,3.4372
2026-02-16,1.9915,1.9771,1.9678,2.0047,2.0860,2.3008,2.5229,2.8128,3.1521,3.3426,3.4415
2026-02-17,1.9928,1.9802,1.9713,2.0029,2.0770,2.2826,2.5036,2.7982,3.1432,3.3307,3.4123
2026-02-18,1.9835,1.9745,1.9720,2.0126,2.0915,2.2986,2.5157,2.8031,3.1420,3.3312,3.4250
2026-02-19,1.9822,1.9739,1.9728,2.0165,2.0979,2.3069,2.5231,2.8077,3.1439,3.3337,3.4333
2026-02-20,1.9598,1.9566,1.9629,2.0135,2.0960,2.3017,2.5137,2.7936,3.1240,3.3084,3.3976
2026-02-23,1.9730,1.9669,1.9675,2.0078,2.0829,2.2823,2.4965,2.7857,3.1302,3.3201,3.4049
2026-02-24,1.9812,1.9734,1.9710,2.0066,2.0781,2.2729,2.4844,2.7715,3.1144,3.3038,3.3890
2026-02-25,1.9872,1.9786,1.9750,2.0088,2.0795,2.2739,2.4857,2.7737,3.1181,3.3084,3.3945
2026-02-26,1.9587,1.9555,1.9600,2.0032,2.0767,2.2670,2.4704,2.7470,3.0840,3.2784,3.3853
2026-02-27,1.9621,1.9539,1.9498,1.9805,2.0467,2.2330,2.4400,2.7267,3.0761,3.2732,3.3700
2026-03-02,1.9856,1.9836,1.9892,2.0307,2.1004,2.2832,2.4828,2.7600,3.1016,3.2965,3.3921
2026-03-03,2.0176,2.0307,2.0609,2.1337,2.2180,2.4025,2.5882,2.8405,3.1552,3.3406,3.4383
2026-03-04,2.0109,2.0181,2.0386,2.0989,2.1772,2.3610,2.5530,2.8173,3.1462,3.3373,3.4341
2026-03-05,2.0423,2.0571,2.0903,2.1676,2.2551,2.4436,2.6318,2.8857,3.1976,3.3730,3.4388
2026-03-06,2.0636,2.0856,2.1305,2.2233,2.3179,2.5048,2.6800,2.9088,3.1868,3.3466,3.4178
2026-03-09,2.0902,2.1126,2.1580,2.2506,2.3440,2.5274,2.6991,2.9242,3.2006,3.3610,3.4305
2026-03-10,2.0218,2.0421,2.0848,2.1757,2.2713,2.4655,2.6515,2.8972,3.1960,3.3644,3.4289
2026-03-11,1.9796,2.0777,2.2007,2.3138,2.3836,2.5423,2.7233,2.9744,3.2707,3.4255,3.4620
2026-03-12,1.9945,2.1118,2.2477,2.3517,2.4100,2.5622,2.7447,2.9981,3.2935,3.4439,3.4689
2026-03-13,2.0027,2.1130,2.2478,2.3633,2.4291,2.5825,2.7617,3.0113,3.3050,3.4562,3.4854
2026-03-16,1.9710,2.0881,2.2275,2.3402,2.4027,2.5553,2.7361,2.9883,3.2853,3.4395,3.4731
2026-03-17,1.9690,2.0877,2.2258,2.3319,2.3896,2.5378,2.7167,2.9666,3.2608,3.4132,3.4458
2026-03-18,1.9976,2.1270,2.2826,2.4053,2.4634,2.5980,2.7639,3.0003,3.2801,3.4223,3.4412
2026-03-19,2.0066,2.1582,2.3377,2.4682,2.5173,2.6324,2.7858,3.0117,3.2818,3.4180,3.4293
2026-03-20,2.0416,2.2120,2.4229,2.5854,2.6378,2.7319,2.8656,3.0755,3.3374,3.4726,3.4850
2026-03-23,2.1075,2.2498,2.4122,2.5182,2.5544,2.6596,2.8097,3.0328,3.3001,3.4347,3.4452
2026-03-24,2.0923,2.2719,2.4720,2.5895,2.6158,2.7044,2.8465,3.0619,3.3155,3.4343,3.4143
2026-03-25,2.0937,2.2671,2.4553,2.5572,2.5771,2.6622,2.8016,3.0118,3.2576,3.3717,3.3499
2026-03-26,2.1207,2.3024,2.5047,2.6237,2.6508,2.7403,2.8820,3.0944,3.3393,3.4478,3.4102
2026-03-27,2.1037,2.2917,2.5068,2.6447,2.6826,2.7829,2.9311,3.1504,3.4006,3.5090,3.4633
2026-03-30,2.0669,2.2724,2.4900,2.6006,2.6204,2.7156,2.8688,3.0944,3.3505,3.4621,3.4198
2026-03-31,2.0928,2.2925,2.4970,2.5890,2.6013,2.6940,2.8475,3.0730,3.3283,3.4397,3.3983
2026-04-01,2.1597,2.3124,2.4708,2.5482,2.5681,2.6700,2.8241,3.0479,3.3046,3.4229,3.4020
2026-04-02,2.1768,2.3438,2.5157,2.5948,2.6089,2.7022,2.8527,3.0751,3.3330,3.4534,3.4357
2026-04-07,2.1864,2.3628,2.5553,2.6592,2.6767,2.7564,2.8941,3.1061,3.3575,3.4764,3.4588
2026-04-08,2.0707,2.2083,2.3565,2.4415,2.4727,2.5868,2.7469,2.9793,3.2553,3.3961,3.4161
2026-04-09,2.1064,2.2598,2.4265,2.5237,2.5571,2.6731,2.8363,3.0724,3.3485,3.4836,3.4857
2026-04-10,2.1242,2.2658,2.4257,2.5311,2.5734,2.6965,2.8618,3.1004,3.3823,3.5238,3.5371
2026-04-13,2.1489,2.3147,2.4910,2.5855,2.6124,2.7223,2.8849,3.1228,3.4025,3.5401,3.5435
2026-04-14,2.1050,2.2707,2.4471,2.5445,2.5764,2.6966,2.8667,3.1122,3.3992,3.5406,3.5464
2026-04-15,2.1145,2.2566,2.4079,2.4953,2.5322,2.6633,2.8393,3.0888,3.3789,3.5224,3.5317
2026-04-16,2.1475,2.2704,2.4047,2.4886,2.5275,2.6568,2.8287,3.0746,3.3655,3.5145,3.5391
2026-04-17,2.1364,2.2451,2.3535,2.4100,2.4454,2.5872,2.7700,3.0250,3.3240,3.4789,3.5139
2026-04-20,2.1363,2.2492,2.3622,2.4210,2.4559,2.5968,2.7804,3.0369,3.3364,3.4898,3.5184
2026-04-21,2.1339,2.2552,2.3831,2.4560,2.4903,2.6187,2.7912,3.0365,3.3239,3.4688,3.4868
2026-04-22,2.1492,2.2715,2.4066,2.4913,2.5276,2.6485,2.8131,3.0510,3.3324,3.4744,3.4899
2026-04-23,2.1662,2.3043,2.4535,2.5376,2.5655,2.6745,2.8336,3.0675,3.3449,3.4838,3.4938
2026-04-24,2.1747,2.3187,2.4680,2.5420,2.5646,2.6740,2.8355,3.0707,3.3467,3.4827,3.4878
2026-04-27,2.1723,2.3100,2.4541,2.5300,2.5574,2.6744,2.8411,3.0817,3.3631,3.5017,3.5073
2026-04-28,2.1665,2.3394,2.5175,2.6018,2.6199,2.7230,2.8835,3.1196,3.3958,3.5294,3.5255
2026-04-29,2.2375,2.3936,2.5662,2.6652,2.6887,2.7790,2.9234,3.1427,3.4036,3.5297,3.5210
2026-04-30,2.1974,2.3438,2.5075,2.6059,2.6331,2.7273,2.8729,3.0940,3.3608,3.4953,3.5040
2026-05-04,2.1667,2.3369,2.5278,2.6404,2.6645,2.7481,2.8878,3.1052,3.3704,3.5041,3.5107
2026-05-05,2.1704,2.3386,2.5270,2.6391,2.6658,2.7565,2.9020,3.1255,3.3955,3.5301,3.5333
2026-05-06,2.1085,2.2843,2.4613,2.5385,2.5531,2.6541,2.8133,3.0483,3.3278,3.4695,3.4864
2026-05-07,2.1269,2.2860,2.4444,2.5131,2.5305,2.6386,2.8008,3.0368,3.3157,3.4569,3.4749
2026-05-08,2.1097,2.2915,2.4694,2.5403,2.5528,2.6562,2.8171,3.0523,3.3308,3.4724,3.4918
2026-05-11,2.1114,2.2928,2.4881,2.5924,2.6134,2.7048,2.8534,3.0797,3.3549,3.4975,3.5199
2026-05-12,2.1208,2.3124,2.5281,2.6583,2.6880,2.7788,2.9247,3.1495,3.4234,3.5629,3.5754
2026-05-13,2.1254,2.3106,2.5223,2.6563,2.6901,2.7831,2.9281,3.1514,3.4237,3.5625,3.5749
2026-05-14,2.1587,2.3140,2.4917,2.6059,2.6391,2.7345,2.8786,3.0995,3.3722,3.5167,3.5477
2026-05-15,2.1696,2.3408,2.5439,2.6868,2.7306,2.8298,2.9741,3.1951,3.4642,3.6001,3.6073
2026-05-18,2.1788,2.3347,2.5161,2.6399,2.6815,2.7893,2.9422,3.1716,3.4498,3.5927,3.6112
2026-05-19,2.1634,2.3326,2.5373,2.6893,2.7404,2.8465,2.9943,3.2197,3.4955,3.6367,3.6503
2026-05-20,2.1659,2.3361,2.5357,2.6730,2.7156,2.8181,2.9665,3.1914,3.4637,3.6011,3.6098
2026-05-21,2.1725,2.3364,2.5188,2.6287,2.6598,2.7612,2.9129,3.1401,3.4133,3.5518,3.5652
2026-05-22,2.1336,2.2714,2.4411,2.5735,2.6236,2.7275,2.8679,3.0830,3.3531,3.5004,3.5425
2026-05-25,2.1223,2.2366,2.3742,2.4785,2.5220,2.6280,2.7706,2.9857,3.2557,3.4065,3.4625
2026-05-26,2.1307,2.2573,2.4117,2.5304,2.5764,2.6787,2.8178,3.0304,3.2982,3.4466,3.4966
2026-05-27,2.1684,2.2957,2.4372,2.5243,2.5550,2.6577,2.8056,3.0265,3.2981,3.4453,3.4894
2026-05-28,2.1808,2.2924,2.4257,2.5253,2.5673,2.6737,2.8178,3.0349,3.3069,3.4586,3.5144
2026-05-29,2.1955,2.2965,2.4147,2.5007,2.5400,2.6495,2.7969,3.0166,3.2906,3.4441,3.5043
2026-06-01,2.2010,2.3225,2.4687,2.5777,2.6192,2.7183,2.8564,3.0681,3.3354,3.4843,3.5368
2026-06-02,2.1869,2.3131,2.4591,2.5558,2.5864,2.6753,2.8098,3.0192,3.2863,3.4378,3.4984
2026-06-03,2.2050,2.3317,2.4822,2.5889,2.6251,2.7168,2.8514,3.0613,3.3290,3.4798,3.5362
2026-06-04,2.2433,2.3537,2.4853,2.5816,2.6197,2.7186,2.8575,3.0698,3.3377,3.4871,3.5405
2026-06-05,2.2483,2.3597,2.4959,2.6015,2.6436,2.7417,2.8776,3.0877,3.3553,3.5055,3.5601
2026-06-08,2.2654,2.3824,2.5225,2.6236,2.6590,2.7495,2.8829,3.0921,3.3592,3.5088,3.5611
2026-06-09,2.2726,2.3955,2.5337,2.6190,2.6458,2.7389,2.8810,3.0992,3.3717,3.5205,3.5652
2026-06-10,2.2903,2.4102,2.5471,2.6354,2.6648,2.7589,2.9000,3.1163,3.3852,3.5301,3.5680
2026-06-11,2.3121,2.4250,2.5455,2.6089,2.6278,2.7196,2.8626,3.0798,3.3484,3.4938,3.5360
2026-06-12,2.2430,2.3499,2.4794,2.5776,2.6175,2.7171,2.8560,3.0695,3.3406,3.4929,3.5494
2026-06-15,2.2186,2.3250,2.4441,2.5185,2.5464,2.6445,2.7888,3.0089,3.2877,3.4472,3.5175
2026-06-16,2.2114,2.3144,2.4339,2.5154,2.5467,2.6414,2.7794,2.9924,3.2657,3.4240,3.4979
2026-06-17,2.2343,2.3404,2.4577,2.5267,2.5494,2.6383,2.7748,2.9855,3.2541,3.4086,3.4783
2026-06-18,2.2245,2.3423,2.4748,2.5544,2.5760,2.6554,2.7834,2.9853,3.2461,3.3971,3.4663
2026-06-19,2.2216,2.3404,2.4797,2.5759,2.6086,2.6979,2.8302,3.0367,3.3024,3.4555,3.5235
2026-06-22,2.2483,2.3573,2.4765,2.5451,2.5677,2.6586,2.7969,3.0094,3.2804,3.4377,3.5135
2026-06-23,2.2279,2.3236,2.4325,2.5039,2.5321,2.6255,2.7615,2.9707,3.2406,3.4004,3.4856
2026-06-24,2.2586,2.3393,2.4293,2.4862,2.5111,2.6023,2.7350,2.9380,3.1994,3.3545,3.4387
2026-06-25,2.2823,2.3543,2.4318,2.4757,2.4958,2.5842,2.7154,2.9160,3.1747,3.3290,3.4155
2026-06-26,2.2745,2.3452,2.4169,2.4529,2.4736,2.5727,2.7133,2.9224,3.1873,3.3440,3.4316
