seed,konvergiert,iterationen,logL,BIC,spur_ruhig,spur_krise,krisenindex,krisentage,wechsel,abw_zu_seed42,pfad_identisch
0,True,31,235.6005,-346.6238,0.1327,0.5675,0,139,13,0,True
1,True,29,235.6003,-346.6235,0.1327,0.5675,1,139,13,0,True
2,True,39,235.5985,-346.6199,0.1327,0.568,0,139,13,0,True
3,True,22,235.6009,-346.6246,0.1327,0.5674,1,139,13,0,True
4,True,23,235.6013,-346.6255,0.1327,0.5673,1,139,13,0,True
5,True,34,235.5979,-346.6186,0.1327,0.5681,1,139,13,0,True
6,True,43,235.5997,-346.6223,0.1327,0.5677,1,139,13,0,True
7,True,35,235.6003,-346.6235,0.1327,0.5675,1,139,13,0,True
8,True,24,235.6003,-346.6234,0.1327,0.5676,0,139,13,0,True
9,True,15,235.5987,-346.6203,0.1328,0.5679,1,139,13,0,True
10,True,18,235.6004,-346.6236,0.1327,0.5675,0,139,13,0,True
11,True,56,235.6,-346.6229,0.1327,0.5676,1,139,13,0,True
12,True,73,235.5985,-346.6199,0.1327,0.568,0,139,13,0,True
13,True,23,235.5985,-346.6199,0.1327,0.568,0,139,13,0,True
14,True,29,235.5995,-346.6218,0.1327,0.5678,0,139,13,0,True
15,True,20,235.6001,-346.6232,0.1327,0.5676,0,139,13,0,True
16,True,22,235.5987,-346.6203,0.1327,0.5679,1,139,13,0,True
17,True,18,235.5974,-346.6177,0.1328,0.5683,0,139,13,0,True
18,True,50,235.6005,-346.6239,0.1327,0.5675,0,139,13,0,True
19,True,25,235.5999,-346.6226,0.1327,0.5677,1,139,13,0,True
42,True,27,235.5988,-346.6204,0.1327,0.5679,1,139,13,0,True
123,True,24,235.5974,-346.6177,0.1327,0.5682,0,139,13,0,True
999,True,45,235.5977,-346.6183,0.1327,0.5682,1,139,13,0,True
2026,True,35,235.5977,-346.6182,0.1327,0.5682,1,139,13,0,True
